{
  "large": {
    "after": 657.1040208060375,
    "after_cov": 40,
    "after_sig": "bbd61776be78",
    "base": 657.1040208060375,
    "base_cov": 40,
    "base_sig": "bbd61776be78",
    "delta": 0.0,
    "rows": 40
  },
  "low025": {
    "after": 1891.050799852403,
    "after_cov": 30,
    "after_sig": "42c828e47d6b",
    "base": 1891.050799852403,
    "base_cov": 30,
    "base_sig": "42c828e47d6b",
    "delta": 0.0,
    "rows": 15
  },
  "official_like": {
    "after": 1616.75860162171,
    "after_cov": 30,
    "after_sig": "55810f51c401",
    "base": 1616.75860162171,
    "base_cov": 30,
    "base_sig": "55810f51c401",
    "delta": 0.0,
    "rows": 30
  },
  "scarce40": {
    "after": 1097.8470554,
    "after_cov": 40,
    "after_sig": "2240d8d56f3b",
    "base": 1097.8470554,
    "base_cov": 40,
    "base_sig": "2240d8d56f3b",
    "delta": 0.0,
    "rows": 40
  }
}