{
  "calibrated": {
    "top10_per6_g4_c600": {
      "cost": 2046.8013464727287,
      "delta": 847.6729257130676,
      "info": {
        "base_cost": 1199.1284207596611,
        "base_sig": "0256bf3d47c4",
        "best_red": -953.1986535272715,
        "cols": 210
      },
      "rows": 13,
      "shape": {
        "2": 4,
        "4": 9
      },
      "sig": "e3e52672f949"
    },
    "top14_per10_g5_c900": {
      "cost": 2133.960303020152,
      "delta": 934.8318822604908,
      "info": {
        "base_cost": 1199.1284207596611,
        "base_sig": "0256bf3d47c4",
        "best_red": -866.0396969798483,
        "cols": 330
      },
      "rows": 12,
      "shape": {
        "2": 5,
        "5": 7
      },
      "sig": "a25a402eafee"
    },
    "top18_per12_g5_c1100": {
      "cost": 2133.960303020152,
      "delta": 934.8318822604908,
      "info": {
        "base_cost": 1199.1284207596611,
        "base_sig": "0256bf3d47c4",
        "best_red": -866.0396969798483,
        "cols": 390
      },
      "rows": 12,
      "shape": {
        "2": 5,
        "5": 7
      },
      "sig": "a25a402eafee"
    }
  },
  "low025": {
    "top10_per6_g4_c600": {
      "cost": 1922.1958991939937,
      "delta": -4.547473508864641e-13,
      "info": {
        "base_cost": 1922.1958991939941,
        "base_sig": "b1271e8fb0f6",
        "best_red": -1077.804100806006,
        "cols": 15
      },
      "rows": 15,
      "shape": {
        "2": 1,
        "3": 2,
        "4": 8,
        "5": 4
      },
      "sig": "b1271e8fb0f6"
    },
    "top14_per10_g5_c900": {
      "cost": 1922.1958991939937,
      "delta": -4.547473508864641e-13,
      "info": {
        "base_cost": 1922.1958991939941,
        "base_sig": "b1271e8fb0f6",
        "best_red": -1077.804100806006,
        "cols": 15
      },
      "rows": 15,
      "shape": {
        "2": 1,
        "3": 2,
        "4": 8,
        "5": 4
      },
      "sig": "b1271e8fb0f6"
    },
    "top18_per12_g5_c1100": {
      "cost": 1891.0507998524033,
      "delta": 2.2737367544323206e-13,
      "info": {
        "base_cost": 1891.050799852403,
        "base_sig": "42c828e47d6b",
        "best_red": -1108.9492001475967,
        "cols": 15
      },
      "rows": 15,
      "shape": {
        "2": 1,
        "3": 3,
        "4": 6,
        "5": 5
      },
      "sig": "42c828e47d6b"
    }
  },
  "low030": {
    "top10_per6_g4_c600": {
      "cost": 1766.6942664281148,
      "delta": 0.0,
      "info": {
        "base_cost": 1766.6942664281148,
        "base_sig": "b1271e8fb0f6",
        "best_red": -1233.3057335718854,
        "cols": 15
      },
      "rows": 15,
      "shape": {
        "2": 1,
        "3": 2,
        "4": 8,
        "5": 4
      },
      "sig": "b1271e8fb0f6"
    },
    "top14_per10_g5_c900": {
      "cost": 1735.5042772053657,
      "delta": 0.0,
      "info": {
        "base_cost": 1735.5042772053657,
        "base_sig": "bb3c54bb5868",
        "best_red": -1264.4957227946343,
        "cols": 15
      },
      "rows": 15,
      "shape": {
        "2": 1,
        "3": 2,
        "4": 8,
        "5": 4
      },
      "sig": "bb3c54bb5868"
    },
    "top18_per12_g5_c1100": {
      "cost": 1735.5042772053657,
      "delta": 0.0,
      "info": {
        "base_cost": 1735.5042772053657,
        "base_sig": "bb3c54bb5868",
        "best_red": -1264.4957227946343,
        "cols": 15
      },
      "rows": 15,
      "shape": {
        "2": 1,
        "3": 2,
        "4": 8,
        "5": 4
      },
      "sig": "bb3c54bb5868"
    }
  },
  "official_like": {
    "top10_per6_g4_c600": {
      "cost": 1616.7586016217103,
      "delta": 2.2737367544323206e-13,
      "info": {
        "base_cost": 1616.75860162171,
        "base_sig": "55810f51c401",
        "best_red": -1383.2413983782897,
        "cols": 30
      },
      "rows": 30,
      "shape": {
        "1": 4,
        "2": 22,
        "3": 4
      },
      "sig": "55810f51c401"
    },
    "top14_per10_g5_c900": {
      "cost": 1616.7586016217103,
      "delta": 2.2737367544323206e-13,
      "info": {
        "base_cost": 1616.75860162171,
        "base_sig": "55810f51c401",
        "best_red": -1383.2413983782897,
        "cols": 30
      },
      "rows": 30,
      "shape": {
        "1": 4,
        "2": 22,
        "3": 4
      },
      "sig": "55810f51c401"
    },
    "top18_per12_g5_c1100": {
      "cost": 1616.7586016217103,
      "delta": 2.2737367544323206e-13,
      "info": {
        "base_cost": 1616.75860162171,
        "base_sig": "55810f51c401",
        "best_red": -1383.2413983782897,
        "cols": 30
      },
      "rows": 30,
      "shape": {
        "1": 4,
        "2": 22,
        "3": 4
      },
      "sig": "55810f51c401"
    }
  }
}