{
  "calibrated": {
    "bad": [],
    "canonical_cost": Infinity,
    "covered_unique": 30,
    "duplicate_couriers": 125,
    "duplicate_tasks": 0,
    "elapsed": 0.13351258300000013,
    "reuse_cost": 484.975100935796,
    "rows": 30,
    "sample": [
      [
        "T0000",
        [
          "C024",
          "C016",
          "C004",
          "C044",
          "C023",
          "C009"
        ]
      ],
      [
        "T0001",
        [
          "C009",
          "C059",
          "C034",
          "C015",
          "C030",
          "C053"
        ]
      ],
      [
        "T0002",
        [
          "C017",
          "C022",
          "C055",
          "C001",
          "C040",
          "C049"
        ]
      ],
      [
        "T0003",
        [
          "C008",
          "C051",
          "C035",
          "C019",
          "C027",
          "C038"
        ]
      ],
      [
        "T0004",
        [
          "C045",
          "C019",
          "C026",
          "C002",
          "C046",
          "C057"
        ]
      ],
      [
        "T0005",
        [
          "C025",
          "C038",
          "C055",
          "C054",
          "C052",
          "C003"
        ]
      ],
      [
        "T0006",
        [
          "C005",
          "C010",
          "C048",
          "C008",
          "C055",
          "C004"
        ]
      ],
      [
        "T0007",
        [
          "C059",
          "C022",
          "C009",
          "C034",
          "C053",
          "C037"
        ]
      ]
    ],
    "sig": "a53773a4ea1f",
    "total_tasks": 30
  },
  "large": {
    "bad": [],
    "canonical_cost": Infinity,
    "covered_unique": 40,
    "duplicate_couriers": 152,
    "duplicate_tasks": 0,
    "elapsed": 0.8909171250000001,
    "reuse_cost": 501.5599605860553,
    "rows": 40,
    "sample": [
      [
        "T0000",
        [
          "C067",
          "C023",
          "C044",
          "C075",
          "C045",
          "C056"
        ]
      ],
      [
        "T0001",
        [
          "C009",
          "C059",
          "C053",
          "C079",
          "C007"
        ]
      ],
      [
        "T0002",
        [
          "C073",
          "C079",
          "C060",
          "C049",
          "C050",
          "C018"
        ]
      ],
      [
        "T0003",
        [
          "C065",
          "C075",
          "C038",
          "C076",
          "C061",
          "C055"
        ]
      ],
      [
        "T0004",
        [
          "C045",
          "C026",
          "C002",
          "C057",
          "C004"
        ]
      ],
      [
        "T0005",
        [
          "C025",
          "C055",
          "C045",
          "C052",
          "C026",
          "C073"
        ]
      ],
      [
        "T0006",
        [
          "C005",
          "C064",
          "C055",
          "C008",
          "C051",
          "C040"
        ]
      ],
      [
        "T0007",
        [
          "C059",
          "C009",
          "C053",
          "C075",
          "C077",
          "C032"
        ]
      ]
    ],
    "sig": "658e0d70e144",
    "total_tasks": 40
  },
  "low025": {
    "bad": [],
    "canonical_cost": Infinity,
    "covered_unique": 30,
    "duplicate_couriers": 124,
    "duplicate_tasks": 0,
    "elapsed": 0.5230295000000003,
    "reuse_cost": 1145.5037470123925,
    "rows": 30,
    "sample": [
      [
        "T0000",
        [
          "C024",
          "C016",
          "C003",
          "C004",
          "C044",
          "C015"
        ]
      ],
      [
        "T0001",
        [
          "C009",
          "C059",
          "C034",
          "C015",
          "C055",
          "C030"
        ]
      ],
      [
        "T0002",
        [
          "C017",
          "C022",
          "C023",
          "C055",
          "C001",
          "C040"
        ]
      ],
      [
        "T0003",
        [
          "C008",
          "C051",
          "C019",
          "C035",
          "C027",
          "C028"
        ]
      ],
      [
        "T0004",
        [
          "C045",
          "C019",
          "C026",
          "C002",
          "C046",
          "C043"
        ]
      ],
      [
        "T0005",
        [
          "C025",
          "C038",
          "C055",
          "C054",
          "C052",
          "C003"
        ]
      ],
      [
        "T0006",
        [
          "C005",
          "C010",
          "C048",
          "C004",
          "C008",
          "C055"
        ]
      ],
      [
        "T0007",
        [
          "C059",
          "C022",
          "C009",
          "C034",
          "C053",
          "C037"
        ]
      ]
    ],
    "sig": "f7beac8f38b0",
    "total_tasks": 30
  },
  "low030": {
    "bad": [],
    "canonical_cost": Infinity,
    "covered_unique": 30,
    "duplicate_couriers": 124,
    "duplicate_tasks": 0,
    "elapsed": 0.760246875,
    "reuse_cost": 968.2751982066973,
    "rows": 30,
    "sample": [
      [
        "T0000",
        [
          "C024",
          "C016",
          "C003",
          "C004",
          "C044",
          "C023"
        ]
      ],
      [
        "T0001",
        [
          "C009",
          "C059",
          "C034",
          "C015",
          "C055",
          "C030"
        ]
      ],
      [
        "T0002",
        [
          "C017",
          "C022",
          "C055",
          "C001",
          "C023",
          "C040"
        ]
      ],
      [
        "T0003",
        [
          "C008",
          "C051",
          "C019",
          "C035",
          "C027",
          "C038"
        ]
      ],
      [
        "T0004",
        [
          "C045",
          "C019",
          "C026",
          "C002",
          "C046",
          "C043"
        ]
      ],
      [
        "T0005",
        [
          "C025",
          "C038",
          "C055",
          "C054",
          "C052",
          "C003"
        ]
      ],
      [
        "T0006",
        [
          "C005",
          "C010",
          "C048",
          "C004",
          "C008",
          "C055"
        ]
      ],
      [
        "T0007",
        [
          "C059",
          "C022",
          "C009",
          "C034",
          "C053",
          "C037"
        ]
      ]
    ],
    "sig": "40869fce1d27",
    "total_tasks": 30
  },
  "official_like": {
    "bad": [],
    "canonical_cost": Infinity,
    "covered_unique": 30,
    "duplicate_couriers": 124,
    "duplicate_tasks": 0,
    "elapsed": 0.7446652500000001,
    "reuse_cost": 895.5284990287887,
    "rows": 30,
    "sample": [
      [
        "T0000",
        [
          "C024",
          "C016",
          "C003",
          "C004",
          "C044",
          "C023"
        ]
      ],
      [
        "T0001",
        [
          "C009",
          "C059",
          "C034",
          "C015",
          "C030",
          "C055"
        ]
      ],
      [
        "T0002",
        [
          "C017",
          "C022",
          "C055",
          "C001",
          "C023",
          "C040"
        ]
      ],
      [
        "T0003",
        [
          "C008",
          "C051",
          "C019",
          "C035",
          "C027",
          "C038"
        ]
      ],
      [
        "T0004",
        [
          "C045",
          "C019",
          "C026",
          "C002",
          "C046",
          "C043"
        ]
      ],
      [
        "T0005",
        [
          "C025",
          "C038",
          "C055",
          "C054",
          "C052",
          "C003"
        ]
      ],
      [
        "T0006",
        [
          "C005",
          "C010",
          "C048",
          "C004",
          "C008",
          "C055"
        ]
      ],
      [
        "T0007",
        [
          "C002",
          "C059",
          "C022",
          "C009",
          "C034",
          "C053"
        ]
      ]
    ],
    "sig": "2be2037bd1b3",
    "total_tasks": 30
  },
  "scarce40": {
    "bad": [],