{
  "low025": {
    "cost": 1891.050799852403,
    "info": {
      "base_cost": 1891.050799852403,
      "best_red": 0,
      "cols": 15
    },
    "shape": {
      "2": 1,
      "3": 3,
      "4": 6,
      "5": 5
    },
    "sig": "42c828e47d6b"
  },
  "low030": {
    "cost": 1735.5042772053657,
    "info": {
      "base_cost": 1735.5042772053657,
      "best_red": 0,
      "cols": 15
    },
    "shape": {
      "2": 1,
      "3": 2,
      "4": 8,
      "5": 4
    },
    "sig": "bb3c54bb5868"
  },
  "official_like": {
    "cost": 1616.75860162171,
    "info": {
      "base_cost": 1616.75860162171,
      "best_red": 0,
      "cols": 30
    },
    "shape": {
      "1": 4,
      "2": 22,
      "3": 4
    },
    "sig": "55810f51c401"
  }
}