{
  "calibrated": {
    "top12_k4": {
      "base": 1199.1284207596611,
      "cost": 2612.782569381381,
      "cov": 5,
      "delta": 1413.65414862172,
      "info": {
        "best_red": -387.21743061861866,
        "cols": 23790
      },
      "rows": 5,
      "sig": "b96584203741"
    },
    "top16_k5": {
      "base": 1199.1284207596611,
      "cost": 2682.451658538177,
      "cov": 4,
      "delta": 1483.323237778516,
      "info": {
        "best_red": -317.54834146182293,
        "cols": 158332
      },
      "rows": 4,
      "sig": "f0ab7a2f1d68"
    },
    "top8_k3": {
      "base": 1199.1284207596611,
      "cost": 2710.2664143913794,
      "cov": 4,
      "delta": 1511.1379936317182,
      "info": {
        "best_red": -289.73358560862044,
        "cols": 2760
      },
      "rows": 4,
      "sig": "be6ed2e1a99b"
    }
  },
  "low025": {
    "top12_k4": {
      "base": 1922.1958991939941,
      "cost": 2746.455199977401,
      "cov": 5,
      "delta": 824.2593007834071,
      "info": {
        "best_red": -253.5448000225988,
        "cols": 23790
      },
      "rows": 5,
      "sig": "82626ecc201d"
    },
    "top16_k5": {
      "base": 1922.1958991939941,
      "cost": 2780.4985694042193,
      "cov": 4,
      "delta": 858.3026702102252,
      "info": {
        "best_red": -219.50143059578085,
        "cols": 144564
      },
      "rows": 4,
      "sig": "99989ea3509d"
    },
    "top8_k3": {
      "base": 1922.1958991939941,
      "cost": 2825.8290608160714,
      "cov": 4,
      "delta": 903.6331616220773,
      "info": {
        "best_red": -174.17093918392874,
        "cols": 2760
      },
      "rows": 4,
      "sig": "17b5b82bdace"
    }
  },
  "low030": {
    "top12_k4": {
      "base": 1766.6942664281148,
      "cost": 2714.5262914068526,
      "cov": 5,
      "delta": 947.8320249787378,
      "info": {
        "best_red": -285.47370859314725,
        "cols": 23790
      },
      "rows": 5,
      "sig": "281b77f821e3"
    },
    "top16_k5": {
      "base": 1766.6942664281148,
      "cost": 2755.3071940884774,
      "cov": 4,
      "delta": 988.6129276603626,
      "info": {
        "best_red": -244.6928059115224,
        "cols": 165216
      },
      "rows": 4,
      "sig": "afb4fa3f015a"
    },
    "top8_k3": {
      "base": 1766.6942664281148,
      "cost": 2800.2406786500123,
      "cov": 4,
      "delta": 1033.5464122218975,
      "info": {
        "best_red": -199.75932134998772,
        "cols": 2760
      },
      "rows": 4,
      "sig": "17b5b82bdace"
    }
  },
  "official_like": {
    "top12_k4": {
      "base": 1616.75860162171,
      "cost": 2678.2267810547364,
      "cov": 5,
      "delta": 1061.4681794330263,
      "info": {
        "best_red": -321.77321894526347,
        "cols": 23790
      },
      "rows": 5,
      "sig": "351627aa78ba"
    },
    "top16_k5": {
      "base": 1616.75860162171,
      "cost": 2793.555307740032,
      "cov": 3,
      "delta": 1176.7967061183217,
      "info": {
        "best_red": -206.44469225996838,
        "cols": 151448
      },
      "rows": 3,
      "sig": "b0f6eb7c5024"
    },
    "top8_k3": {
      "base": 1616.75860162171,
      "cost": 2761.901080709042,
      "cov": 4,
      "delta": 1145.142479087332,
      "info": {
        "best_red": -238.09891929095767,
        "cols": 2760
      },
      "rows": 4,
      "sig": "95d45bcfdaaa"
    }
  }
}